[{"model": "contenttypes.contenttype", "pk": 1, "fields": {"app_label": "admin", "model": "logentry"}}, {"model": "contenttypes.contenttype", "pk": 2, "fields": {"app_label": "auth", "model": "permission"}}, {"model": "contenttypes.contenttype", "pk": 3, "fields": {"app_label": "auth", "model": "group"}}, {"model": "contenttypes.contenttype", "pk": 4, "fields": {"app_label": "auth", "model": "user"}}, {"model": "contenttypes.contenttype", "pk": 5, "fields": {"app_label": "contenttypes", "model": "contenttype"}}, {"model": "contenttypes.contenttype", "pk": 6, "fields": {"app_label": "sessions", "model": "session"}}, {"model": "contenttypes.contenttype", "pk": 7, "fields": {"app_label": "blog", "model": "blog"}}, {"model": "contenttypes.contenttype", "pk": 8, "fields": {"app_label": "blog", "model": "blogtype"}}, {"model": "contenttypes.contenttype", "pk": 9, "fields": {"app_label": "blog", "model": "readnum"}}, {"model": "contenttypes.contenttype", "pk": 10, "fields": {"app_label": "read_statistics", "model": "readnum"}}, {"model": "contenttypes.contenttype", "pk": 11, "fields": {"app_label": "read_statistics", "model": "readdetail"}}, {"model": "contenttypes.contenttype", "pk": 12, "fields": {"app_label": "comment", "model": "comment"}}, {"model": "contenttypes.contenttype", "pk": 13, "fields": {"app_label": "likes", "model": "likecount"}}, {"model": "contenttypes.contenttype", "pk": 14, "fields": {"app_label": "likes", "model": "likerecord"}}, {"model": "contenttypes.contenttype", "pk": 15, "fields": {"app_label": "user", "model": "profile"}}, {"model": "sessions.session", "pk": "2fnsxd5aj5cj8otk3s3my4gerfhd1i3b", "fields": {"session_data": "ZWM5YjM3MWJjNWNiZWEyMjRiZTI3ZjIxZmEyY2M2NzAwYWIwMmE1Njp7Il9hdXRoX3VzZXJfaWQiOiIxIiwiX2F1dGhfdXNlcl9iYWNrZW5kIjoiZGphbmdvLmNvbnRyaWIuYXV0aC5iYWNrZW5kcy5Nb2RlbEJhY2tlbmQiLCJfYXV0aF91c2VyX2hhc2giOiI0MWRkMzc5Mzc3Nzk3NjY1MTQ2ZTk4MzM3OWRjZjBhYTA1ZGE0MDMzIn0=", "expire_date": "2020-10-21T15:23:17.726Z"}}, {"model": "sessions.session", "pk": "7d8tnkrqyry3j258lh6amjklt0prj0qn", "fields": {"session_data": "NTU1ZDIzOTAyNTZjNzdhNWY0ZjZhYzNlYjEzNTg1NThiMjIwMmE5Zjp7InNlbmRfY29kZV90aW1lIjoxNjAyNzQ3NTMyLCJfYXV0aF91c2VyX2lkIjoiMSIsIl9hdXRoX3VzZXJfYmFja2VuZCI6ImRqYW5nby5jb250cmliLmF1dGguYmFja2VuZHMuTW9kZWxCYWNrZW5kIiwiX2F1dGhfdXNlcl9oYXNoIjoiYTY3YzBkZDk3ODJkYmZjMjM2YWRhYjM3MDBjOWZhMjZiMWIxYWMyYiJ9", "expire_date": "2020-10-29T07:40:22.175Z"}}, {"model": "sessions.session", "pk": "8l2p0iq3wicyhza0p3s7fpyiclicq3vf", "fields": {"session_data": "MjI2NDAzY2E0YTY5ZmQyNzZiZjY0YTIzMDE3YzgwMTBiYmMzZDY5OTp7fQ==", "expire_date": "2020-10-29T06:47:14.721Z"}}, {"model": "sessions.session", "pk": "cmbeyzt08f689s2dgn7j8s6gq49r2ajg", "fields": {"session_data": "ZWM5YjM3MWJjNWNiZWEyMjRiZTI3ZjIxZmEyY2M2NzAwYWIwMmE1Njp7Il9hdXRoX3VzZXJfaWQiOiIxIiwiX2F1dGhfdXNlcl9iYWNrZW5kIjoiZGphbmdvLmNvbnRyaWIuYXV0aC5iYWNrZW5kcy5Nb2RlbEJhY2tlbmQiLCJfYXV0aF91c2VyX2hhc2giOiI0MWRkMzc5Mzc3Nzk3NjY1MTQ2ZTk4MzM3OWRjZjBhYTA1ZGE0MDMzIn0=", "expire_date": "2020-10-07T12:44:24.758Z"}}, {"model": "sessions.session", "pk": "l3ejtou6jw69rswua59k7ok2a76vsn1k", "fields": {"session_data": "ZWM5YjM3MWJjNWNiZWEyMjRiZTI3ZjIxZmEyY2M2NzAwYWIwMmE1Njp7Il9hdXRoX3VzZXJfaWQiOiIxIiwiX2F1dGhfdXNlcl9iYWNrZW5kIjoiZGphbmdvLmNvbnRyaWIuYXV0aC5iYWNrZW5kcy5Nb2RlbEJhY2tlbmQiLCJfYXV0aF91c2VyX2hhc2giOiI0MWRkMzc5Mzc3Nzk3NjY1MTQ2ZTk4MzM3OWRjZjBhYTA1ZGE0MDMzIn0=", "expire_date": "2020-10-10T02:21:46.775Z"}}, {"model": "sessions.session", "pk": "olparzd93av850r4clnxz1quww4pgvsd", "fields": {"session_data": "ZWM5YjM3MWJjNWNiZWEyMjRiZTI3ZjIxZmEyY2M2NzAwYWIwMmE1Njp7Il9hdXRoX3VzZXJfaWQiOiIxIiwiX2F1dGhfdXNlcl9iYWNrZW5kIjoiZGphbmdvLmNvbnRyaWIuYXV0aC5iYWNrZW5kcy5Nb2RlbEJhY2tlbmQiLCJfYXV0aF91c2VyX2hhc2giOiI0MWRkMzc5Mzc3Nzk3NjY1MTQ2ZTk4MzM3OWRjZjBhYTA1ZGE0MDMzIn0=", "expire_date": "2020-10-07T11:46:22.119Z"}}, {"model": "blog.blogtype", "pk": 1, "fields": {"type_name": "Django"}}, {"model": "blog.blogtype", "pk": 2, "fields": {"type_name": "\u968f\u7b14"}}, {"model": "blog.blogtype", "pk": 3, "fields": {"type_name": "\u611f\u609f"}}, {"model": "read_statistics.readnum", "pk": 1, "fields": {"read_num": 40, "content_type": 7, "object_id": 37}}, {"model": "read_statistics.readnum", "pk": 2, "fields": {"read_num": 5, "content_type": 7, "object_id": 34}}, {"model": "read_statistics.readnum", "pk": 3, "fields": {"read_num": 1, "content_type": 7, "object_id": 32}}, {"model": "read_statistics.readnum", "pk": 4, "fields": {"read_num": 2, "content_type": 7, "object_id": 33}}, {"model": "read_statistics.readnum", "pk": 5, "fields": {"read_num": 2, "content_type": 7, "object_id": 31}}, {"model": "read_statistics.readnum", "pk": 6, "fields": {"read_num": 7, "content_type": 7, "object_id": 36}}, {"model": "read_statistics.readnum", "pk": 7, "fields": {"read_num": 2, "content_type": 7, "object_id": 30}}, {"model": "read_statistics.readnum", "pk": 8, "fields": {"read_num": 5, "content_type": 7, "object_id": 35}}, {"model": "read_statistics.readnum", "pk": 9, "fields": {"read_num": 1, "content_type": 7, "object_id": 16}}, {"model": "read_statistics.readdetail", "pk": 1, "fields": {"date": "2020-10-05", "read_num": 4, "content_type": 7, "object_id": 37}}, {"model": "read_statistics.readdetail", "pk": 2, "fields": {"date": "2020-10-05", "read_num": 1, "content_type": 7, "object_id": 36}}, {"model": "read_statistics.readdetail", "pk": 3, "fields": {"date": "2020-10-05", "read_num": 1, "content_type": 7, "object_id": 30}}, {"model": "read_statistics.readdetail", "pk": 4, "fields": {"date": "2020-10-06", "read_num": 3, "content_type": 7, "object_id": 37}}, {"model": "read_statistics.readdetail", "pk": 5, "fields": {"date": "2020-10-06", "read_num": 2, "content_type": 7, "object_id": 34}}, {"model": "read_statistics.readdetail", "pk": 6, "fields": {"date": "2020-10-06", "read_num": 1, "content_type": 7, "object_id": 30}}, {"model": "read_statistics.readdetail", "pk": 7, "fields": {"date": "2020-10-06", "read_num": 1, "content_type": 7, "object_id": 35}}, {"model": "read_statistics.readdetail", "pk": 8, "fields": {"date": "2020-10-06", "read_num": 1, "content_type": 7, "object_id": 33}}, {"model": "read_statistics.readdetail", "pk": 9, "fields": {"date": "2020-10-07", "read_num": 2, "content_type": 7, "object_id": 37}}, {"model": "read_statistics.readdetail", "pk": 10, "fields": {"date": "2020-10-07", "read_num": 1, "content_type": 7, "object_id": 36}}, {"model": "read_statistics.readdetail", "pk": 11, "fields": {"date": "2020-10-08", "read_num": 1, "content_type": 7, "object_id": 37}}, {"model": "read_statistics.readdetail", "pk": 12, "fields": {"date": "2020-10-08", "read_num": 1, "content_type": 7, "object_id": 16}}, {"model": "read_statistics.readdetail", "pk": 13, "fields": {"date": "2020-10-08", "read_num": 1, "content_type": 7, "object_id": 36}}, {"model": "read_statistics.readdetail", "pk": 14, "fields": {"date": "2020-10-08", "read_num": 1, "content_type": 7, "object_id": 35}}, {"model": "read_statistics.readdetail", "pk": 15, "fields": {"date": "2020-10-08", "read_num": 1, "content_type": 7, "object_id": 31}}, {"model": "read_statistics.readdetail", "pk": 16, "fields": {"date": "2020-10-09", "read_num": 1, "content_type": 7, "object_id": 37}}, {"model": "read_statistics.readdetail", "pk": 17, "fields": {"date": "2020-10-09", "read_num": 1, "content_type": 7, "object_id": 34}}, {"model": "read_statistics.readdetail", "pk": 18, "fields": {"date": "2020-10-09", "read_num": 1, "content_type": 7, "object_id": 36}}, {"model": "read_statistics.readdetail", "pk": 19, "fields": {"date": "2020-10-09", "read_num": 1, "content_type": 7, "object_id": 35}}, {"model": "read_statistics.readdetail", "pk": 20, "fields": {"date": "2020-10-10", "read_num": 2, "content_type": 7, "object_id": 37}}, {"model": "read_statistics.readdetail", "pk": 21, "fields": {"date": "2020-10-10", "read_num": 1, "content_type": 7, "object_id": 36}}, {"model": "read_statistics.readdetail", "pk": 22, "fields": {"date": "2020-10-10", "read_num": 1, "content_type": 7, "object_id": 35}}, {"model": "read_statistics.readdetail", "pk": 23, "fields": {"date": "2020-10-10", "read_num": 1, "content_type": 7, "object_id": 34}}, {"model": "read_statistics.readdetail", "pk": 24, "fields": {"date": "2020-10-11", "read_num": 1, "content_type": 7, "object_id": 37}}, {"model": "read_statistics.readdetail", "pk": 25, "fields": {"date": "2020-10-12", "read_num": 13, "content_type": 7, "object_id": 37}}, {"model": "read_statistics.readdetail", "pk": 26, "fields": {"date": "2020-10-13", "read_num": 1, "content_type": 7, "object_id": 37}}, {"model": "read_statistics.readdetail", "pk": 27, "fields": {"date": "2020-10-16", "read_num": 1, "content_type": 7, "object_id": 37}}, {"model": "read_statistics.readdetail", "pk": 28, "fields": {"date": "2020-10-16", "read_num": 1, "content_type": 7, "object_id": 35}}, {"model": "likes.likecount", "pk": 1, "fields": {"content_type": 7, "object_id": 37, "liked_num": 1}}, {"model": "likes.likecount", "pk": 2, "fields": {"content_type": 7, "object_id": 36, "liked_num": 0}}, {"model": "likes.likecount", "pk": 3, "fields": {"content_type": 7, "object_id": 35, "liked_num": 0}}, {"model": "likes.likecount", "pk": 4, "fields": {"content_type": 7, "object_id": 34, "liked_num": 0}}, {"model": "likes.likecount", "pk": 5, "fields": {"content_type": 7, "object_id": 33, "liked_num": 0}}, {"model": "likes.likecount", "pk": 6, "fields": {"content_type": 7, "object_id": 32, "liked_num": 0}}, {"model": "likes.likecount", "pk": 7, "fields": {"content_type": 7, "object_id": 31, "liked_num": 0}}, {"model": "likes.likecount", "pk": 8, "fields": {"content_type": 12, "object_id": 21, "liked_num": 1}}, {"model": "likes.likecount", "pk": 9, "fields": {"content_type": 12, "object_id": 25, "liked_num": 0}}, {"model": "likes.likecount", "pk": 10, "fields": {"content_type": 12, "object_id": 26, "liked_num": 0}}, {"model": "likes.likecount", "pk": 11, "fields": {"content_type": 12, "object_id": 18, "liked_num": 0}}, {"model": "likes.likecount", "pk": 12, "fields": {"content_type": 12, "object_id": 16, "liked_num": 0}}, {"model": "likes.likecount", "pk": 13, "fields": {"content_type": 12, "object_id": 17, "liked_num": 0}}, {"model": "likes.likecount", "pk": 14, "fields": {"content_type": 12, "object_id": 19, "liked_num": 0}}, {"model": "likes.likecount", "pk": 15, "fields": {"content_type": 12, "object_id": 20, "liked_num": 0}}, {"model": "likes.likecount", "pk": 16, "fields": {"content_type": 12, "object_id": 22, "liked_num": 0}}, {"model": "likes.likecount", "pk": 17, "fields": {"content_type": 12, "object_id": 15, "liked_num": 0}}, {"model": "likes.likecount", "pk": 18, "fields": {"content_type": 12, "object_id": 14, "liked_num": 0}}, {"model": "likes.likecount", "pk": 19, "fields": {"content_type": 12, "object_id": 13, "liked_num": 0}}, {"model": "likes.likecount", "pk": 20, "fields": {"content_type": 12, "object_id": 12, "liked_num": 0}}, {"model": "likes.likecount", "pk": 21, "fields": {"content_type": 12, "object_id": 11, "liked_num": 0}}, {"model": "likes.likecount", "pk": 22, "fields": {"content_type": 12, "object_id": 10, "liked_num": 0}}, {"model": "likes.likecount", "pk": 23, "fields": {"content_type": 12, "object_id": 9, "liked_num": 0}}, {"model": "likes.likecount", "pk": 24, "fields": {"content_type": 12, "object_id": 8, "liked_num": 0}}, {"model": "likes.likecount", "pk": 25, "fields": {"content_type": 12, "object_id": 7, "liked_num": 0}}, {"model": "likes.likecount", "pk": 26, "fields": {"content_type": 12, "object_id": 6, "liked_num": 0}}, {"model": "likes.likecount", "pk": 27, "fields": {"content_type": 12, "object_id": 5, "liked_num": 0}}, {"model": "likes.likecount", "pk": 28, "fields": {"content_type": 12, "object_id": 4, "liked_num": 0}}, {"model": "likes.likecount", "pk": 29, "fields": {"content_type": 12, "object_id": 3, "liked_num": 0}}, {"model": "likes.likecount", "pk": 30, "fields": {"content_type": 12, "object_id": 2, "liked_num": 0}}, {"model": "likes.likecount", "pk": 31, "fields": {"content_type": 12, "object_id": 24, "liked_num": 0}}, {"model": "likes.likecount", "pk": 32, "fields": {"content_type": 12, "object_id": 23, "liked_num": 0}}, {"model": "likes.likecount", "pk": 33, "fields": {"content_type": 12, "object_id": 1, "liked_num": 0}}, {"model": "likes.likecount", "pk": 34, "fields": {"content_type": 7, "object_id": 30, "liked_num": 0}}, {"model": "likes.likecount", "pk": 35, "fields": {"content_type": 7, "object_id": 29, "liked_num": 0}}, {"model": "likes.likecount", "pk": 36, "fields": {"content_type": 7, "object_id": 28, "liked_num": 0}}, {"model": "likes.likecount", "pk": 37, "fields": {"content_type": 7, "object_id": 27, "liked_num": 0}}, {"model": "likes.likecount", "pk": 38, "fields": {"content_type": 7, "object_id": 26, "liked_num": 0}}, {"model": "likes.likecount", "pk": 39, "fields": {"content_type": 7, "object_id": 25, "liked_num": 0}}, {"model": "likes.likecount", "pk": 40, "fields": {"content_type": 7, "object_id": 24, "liked_num": 0}}, {"model": "likes.likecount", "pk": 41, "fields": {"content_type": 7, "object_id": 23, "liked_num": 0}}, {"model": "likes.likecount", "pk": 42, "fields": {"content_type": 7, "object_id": 22, "liked_num": 0}}, {"model": "likes.likecount", "pk": 43, "fields": {"content_type": 7, "object_id": 21, "liked_num": 0}}, {"model": "likes.likecount", "pk": 44, "fields": {"content_type": 7, "object_id": 20, "liked_num": 0}}, {"model": "likes.likecount", "pk": 45, "fields": {"content_type": 7, "object_id": 19, "liked_num": 0}}, {"model": "likes.likecount", "pk": 46, "fields": {"content_type": 7, "object_id": 18, "liked_num": 0}}, {"model": "likes.likecount", "pk": 47, "fields": {"content_type": 7, "object_id": 17, "liked_num": 0}}, {"model": "likes.likecount", "pk": 48, "fields": {"content_type": 7, "object_id": 9, "liked_num": 0}}, {"model": "likes.likecount", "pk": 49, "fields": {"content_type": 7, "object_id": 8, "liked_num": 0}}, {"model": "likes.likecount", "pk": 50, "fields": {"content_type": 7, "object_id": 7, "liked_num": 0}}, {"model": "likes.likecount", "pk": 51, "fields": {"content_type": 7, "object_id": 6, "liked_num": 0}}, {"model": "likes.likecount", "pk": 52, "fields": {"content_type": 7, "object_id": 5, "liked_num": 0}}, {"model": "likes.likecount", "pk": 53, "fields": {"content_type": 7, "object_id": 4, "liked_num": 0}}, {"model": "likes.likecount", "pk": 54, "fields": {"content_type": 7, "object_id": 3, "liked_num": 0}}, {"model": "likes.likecount", "pk": 55, "fields": {"content_type": 7, "object_id": 16, "liked_num": 0}}, {"model": "likes.likecount", "pk": 56, "fields": {"content_type": 7, "object_id": 15, "liked_num": 0}}, {"model": "likes.likecount", "pk": 57, "fields": {"content_type": 7, "object_id": 14, "liked_num": 0}}, {"model": "likes.likecount", "pk": 58, "fields": {"content_type": 7, "object_id": 13, "liked_num": 0}}, {"model": "likes.likecount", "pk": 59, "fields": {"content_type": 7, "object_id": 12, "liked_num": 0}}, {"model": "likes.likecount", "pk": 60, "fields": {"content_type": 7, "object_id": 11, "liked_num": 0}}, {"model": "likes.likecount", "pk": 61, "fields": {"content_type": 7, "object_id": 10, "liked_num": 0}}, {"model": "likes.likecount", "pk": 62, "fields": {"content_type": 12, "object_id": 28, "liked_num": 0}}, {"model": "likes.likecount", "pk": 63, "fields": {"content_type": 12, "object_id": 29, "liked_num": 0}}, {"model": "likes.likecount", "pk": 64, "fields": {"content_type": 12, "object_id": 30, "liked_num": 1}}, {"model": "likes.likecount", "pk": 65, "fields": {"content_type": 12, "object_id": 31, "liked_num": 0}}, {"model": "likes.likecount", "pk": 66, "fields": {"content_type": 12, "object_id": 32, "liked_num": 0}}, {"model": "likes.likecount", "pk": 67, "fields": {"content_type": 12, "object_id": 34, "liked_num": 0}}, {"model": "likes.likecount", "pk": 68, "fields": {"content_type": 12, "object_id": 33, "liked_num": 0}}, {"model": "likes.likecount", "pk": 69, "fields": {"content_type": 12, "object_id": 36, "liked_num": 0}}, {"model": "likes.likecount", "pk": 70, "fields": {"content_type": 12, "object_id": 35, "liked_num": 0}}, {"model": "likes.likecount", "pk": 71, "fields": {"content_type": 12, "object_id": 40, "liked_num": 1}}, {"model": "likes.likecount", "pk": 72, "fields": {"content_type": 12, "object_id": 41, "liked_num": 0}}, {"model": "auth.permission", "pk": 1, "fields": {"name": "Can add log entry", "content_type": 1, "codename": "add_logentry"}}, {"model": "auth.permission", "pk": 2, "fields": {"name": "Can change log entry", "content_type": 1, "codename": "change_logentry"}}, {"model": "auth.permission", "pk": 3, "fields": {"name": "Can delete log entry", "content_type": 1, "codename": "delete_logentry"}}, {"model": "auth.permission", "pk": 4, "fields": {"name": "Can add permission", "content_type": 2, "codename": "add_permission"}}, {"model": "auth.permission", "pk": 5, "fields": {"name": "Can change permission", "content_type": 2, "codename": "change_permission"}}, {"model": "auth.permission", "pk": 6, "fields": {"name": "Can delete permission", "content_type": 2, "codename": "delete_permission"}}, {"model": "auth.permission", "pk": 7, "fields": {"name": "Can add group", "content_type": 3, "codename": "add_group"}}, {"model": "auth.permission", "pk": 8, "fields": {"name": "Can change group", "content_type": 3, "codename": "change_group"}}, {"model": "auth.permission", "pk": 9, "fields": {"name": "Can delete group", "content_type": 3, "codename": "delete_group"}}, {"model": "auth.permission", "pk": 10, "fields": {"name": "Can add user", "content_type": 4, "codename": "add_user"}}, {"model": "auth.permission", "pk": 11, "fields": {"name": "Can change user", "content_type": 4, "codename": "change_user"}}, {"model": "auth.permission", "pk": 12, "fields": {"name": "Can delete user", "content_type": 4, "codename": "delete_user"}}, {"model": "auth.permission", "pk": 13, "fields": {"name": "Can add content type", "content_type": 5, "codename": "add_contenttype"}}, {"model": "auth.permission", "pk": 14, "fields": {"name": "Can change content type", "content_type": 5, "codename": "change_contenttype"}}, {"model": "auth.permission", "pk": 15, "fields": {"name": "Can delete content type", "content_type": 5, "codename": "delete_contenttype"}}, {"model": "auth.permission", "pk": 16, "fields": {"name": "Can add session", "content_type": 6, "codename": "add_session"}}, {"model": "auth.permission", "pk": 17, "fields": {"name": "Can change session", "content_type": 6, "codename": "change_session"}}, {"model": "auth.permission", "pk": 18, "fields": {"name": "Can delete session", "content_type": 6, "codename": "delete_session"}}, {"model": "auth.permission", "pk": 19, "fields": {"name": "Can add blog", "content_type": 7, "codename": "add_blog"}}, {"model": "auth.permission", "pk": 20, "fields": {"name": "Can change blog", "content_type": 7, "codename": "change_blog"}}, {"model": "auth.permission", "pk": 21, "fields": {"name": "Can delete blog", "content_type": 7, "codename": "delete_blog"}}, {"model": "auth.permission", "pk": 22, "fields": {"name": "Can add blog type", "content_type": 8, "codename": "add_blogtype"}}, {"model": "auth.permission", "pk": 23, "fields": {"name": "Can change blog type", "content_type": 8, "codename": "change_blogtype"}}, {"model": "auth.permission", "pk": 24, "fields": {"name": "Can delete blog type", "content_type": 8, "codename": "delete_blogtype"}}, {"model": "auth.permission", "pk": 25, "fields": {"name": "Can add readnum", "content_type": 9, "codename": "add_readnum"}}, {"model": "auth.permission", "pk": 26, "fields": {"name": "Can change readnum", "content_type": 9, "codename": "change_readnum"}}, {"model": "auth.permission", "pk": 27, "fields": {"name": "Can delete readnum", "content_type": 9, "codename": "delete_readnum"}}, {"model": "auth.permission", "pk": 28, "fields": {"name": "Can add readnum", "content_type": 10, "codename": "add_readnum"}}, {"model": "auth.permission", "pk": 29, "fields": {"name": "Can change readnum", "content_type": 10, "codename": "change_readnum"}}, {"model": "auth.permission", "pk": 30, "fields": {"name": "Can delete readnum", "content_type": 10, "codename": "delete_readnum"}}, {"model": "auth.permission", "pk": 31, "fields": {"name": "Can add read detail", "content_type": 11, "codename": "add_readdetail"}}, {"model": "auth.permission", "pk": 32, "fields": {"name": "Can change read detail", "content_type": 11, "codename": "change_readdetail"}}, {"model": "auth.permission", "pk": 33, "fields": {"name": "Can delete read detail", "content_type": 11, "codename": "delete_readdetail"}}, {"model": "auth.permission", "pk": 34, "fields": {"name": "Can add comment", "content_type": 12, "codename": "add_comment"}}, {"model": "auth.permission", "pk": 35, "fields": {"name": "Can change comment", "content_type": 12, "codename": "change_comment"}}, {"model": "auth.permission", "pk": 36, "fields": {"name": "Can delete comment", "content_type": 12, "codename": "delete_comment"}}, {"model": "auth.permission", "pk": 37, "fields": {"name": "Can add like count", "content_type": 13, "codename": "add_likecount"}}, {"model": "auth.permission", "pk": 38, "fields": {"name": "Can change like count", "content_type": 13, "codename": "change_likecount"}}, {"model": "auth.permission", "pk": 39, "fields": {"name": "Can delete like count", "content_type": 13, "codename": "delete_likecount"}}, {"model": "auth.permission", "pk": 40, "fields": {"name": "Can add like record", "content_type": 14, "codename": "add_likerecord"}}, {"model": "auth.permission", "pk": 41, "fields": {"name": "Can change like record", "content_type": 14, "codename": "change_likerecord"}}, {"model": "auth.permission", "pk": 42, "fields": {"name": "Can delete like record", "content_type": 14, "codename": "delete_likerecord"}}, {"model": "auth.permission", "pk": 43, "fields": {"name": "Can add profile", "content_type": 15, "codename": "add_profile"}}, {"model": "auth.permission", "pk": 44, "fields": {"name": "Can change profile", "content_type": 15, "codename": "change_profile"}}, {"model": "auth.permission", "pk": 45, "fields": {"name": "Can delete profile", "content_type": 15, "codename": "delete_profile"}}, {"model": "auth.user", "pk": 1, "fields": {"password": "pbkdf2_sha256$100000$q0mACITudnsn$wMt7wnJkvFdhfn4dAMOp7FHnOWTvmfxpXzHwNtQWiF0=", "last_login": "2020-10-15T07:40:22.172Z", "is_superuser": true, "username": "wxy", "first_name": "", "last_name": "", "email": "1045877102@qq.com", "is_staff": true, "is_active": true, "date_joined": "2020-09-23T11:39:59.965Z", "groups": [], "user_permissions": []}}, {"model": "auth.user", "pk": 2, "fields": {"password": "pbkdf2_sha256$100000$FdzdGqZaMQgd$8KKOeNh50fmr90aHqGdNctCw86vNn1/JiocAQdpWw3g=", "last_login": "2020-10-07T09:05:27.296Z", "is_superuser": false, "username": "\u738b\u5ae61", "first_name": "", "last_name": "", "email": "1@qq.com", "is_staff": false, "is_active": true, "date_joined": "2020-10-07T09:05:27.129Z", "groups": [], "user_permissions": []}}, {"model": "auth.user", "pk": 3, "fields": {"password": "pbkdf2_sha256$100000$jPIPnUs1HNlS$rLt9PciP06NMAFi1r2Pj+UcT2TZtOny+QkBICYM2YXA=", "last_login": "2020-10-15T07:17:39.174Z", "is_superuser": false, "username": "zyd", "first_name": "", "last_name": "", "email": "1753625505@qq.com", "is_staff": false, "is_active": true, "date_joined": "2020-10-15T06:38:49.849Z", "groups": [], "user_permissions": []}}, {"model": "blog.blog", "pk": 3, "fields": {"title": "\u957f\u5185\u5bb9\u7684\u535a\u5ba2", "blog_type": 2, "content": "<h2>1 \u6d4b\u8bd5</h2>\r\n\r\n<p>wwwwwwwwwwwxxxxxxxx<strong>xxxyyyyyy</strong><br />\r\nyyyyyyywwwwwwwwwxxxx</p>\r\n\r\n<p><span style=\"color:#16a085\">qweqw</span></p>\r\n\r\n<p><span style=\"color:#16a085\"><span style=\"background-color:#f39c12\">qweqw</span></span></p>", "author": 1, "created_time": "2020-09-23T12:47:16.288Z", "last_updated_time": "2020-10-04T08:40:08.409Z"}}, {"model": "blog.blog", "pk": 4, "fields": {"title": "\u968f\u7b142", "blog_type": 2, "content": "\u662f\u554a\u8fbe\u74e6\u53bb", "author": 1, "created_time": "2020-09-23T13:51:43.844Z", "last_updated_time": "2020-09-23T13:51:43.844Z"}}, {"model": "blog.blog", "pk": 5, "fields": {"title": "Django1", "blog_type": 1, "content": "test", "author": 1, "created_time": "2020-09-23T13:51:58.030Z", "last_updated_time": "2020-09-23T13:51:58.031Z"}}, {"model": "blog.blog", "pk": 6, "fields": {"title": "sell\u4e0b\u7b2c\u4e00\u7bc7", "blog_type": 1, "content": "xxxxxxxx", "author": 1, "created_time": "2020-09-29T13:51:31.847Z", "last_updated_time": "2020-09-29T13:51:31.847Z"}}, {"model": "blog.blog", "pk": 7, "fields": {"title": "shell\u4e0b\u7b2c\u4e8c\u7bc7", "blog_type": 1, "content": "xxxxxxxxxxxxxxxxxxxxxxxx", "author": 1, "created_time": "2020-09-30T07:28:22.816Z", "last_updated_time": "2020-09-30T07:28:22.816Z"}}, {"model": "blog.blog", "pk": 8, "fields": {"title": "for 1", "blog_type": 1, "content": "xxxxxx 1", "author": 1, "created_time": "2020-09-30T07:33:27.243Z", "last_updated_time": "2020-09-30T07:33:27.243Z"}}, {"model": "blog.blog", "pk": 9, "fields": {"title": "for 2", "blog_type": 1, "content": "xxxxxx 2", "author": 1, "created_time": "2020-09-30T07:33:27.247Z", "last_updated_time": "2020-09-30T07:33:27.247Z"}}, {"model": "blog.blog", "pk": 10, "fields": {"title": "for 3", "blog_type": 1, "content": "xxxxxx 3", "author": 1, "created_time": "2020-09-30T07:33:27.250Z", "last_updated_time": "2020-09-30T07:33:27.250Z"}}, {"model": "blog.blog", "pk": 11, "fields": {"title": "for 4", "blog_type": 1, "content": "xxxxxx 4", "author": 1, "created_time": "2020-09-30T07:33:27.253Z", "last_updated_time": "2020-09-30T07:33:27.253Z"}}, {"model": "blog.blog", "pk": 12, "fields": {"title": "for 5", "blog_type": 1, "content": "xxxxxx 5", "author": 1, "created_time": "2020-09-30T07:33:27.257Z", "last_updated_time": "2020-09-30T07:33:27.257Z"}}, {"model": "blog.blog", "pk": 13, "fields": {"title": "for 6", "blog_type": 1, "content": "xxxxxx 6", "author": 1, "created_time": "2020-09-30T07:33:27.260Z", "last_updated_time": "2020-09-30T07:33:27.260Z"}}, {"model": "blog.blog", "pk": 14, "fields": {"title": "for 7", "blog_type": 1, "content": "xxxxxx 7", "author": 1, "created_time": "2020-09-30T07:33:27.265Z", "last_updated_time": "2020-09-30T07:33:27.265Z"}}, {"model": "blog.blog", "pk": 15, "fields": {"title": "for 8", "blog_type": 1, "content": "xxxxxx 8", "author": 1, "created_time": "2020-09-30T07:33:27.268Z", "last_updated_time": "2020-09-30T07:33:27.268Z"}}, {"model": "blog.blog", "pk": 16, "fields": {"title": "for 9", "blog_type": 1, "content": "xxxxxx 9", "author": 1, "created_time": "2020-09-30T07:33:27.272Z", "last_updated_time": "2020-09-30T07:33:27.272Z"}}, {"model": "blog.blog", "pk": 17, "fields": {"title": "for 10", "blog_type": 1, "content": "xxxxxx 10", "author": 1, "created_time": "2020-09-30T07:33:27.275Z", "last_updated_time": "2020-09-30T07:33:27.275Z"}}, {"model": "blog.blog", "pk": 18, "fields": {"title": "for 11", "blog_type": 1, "content": "xxxxxx 11", "author": 1, "created_time": "2020-09-30T07:33:27.280Z", "last_updated_time": "2020-09-30T07:33:27.280Z"}}, {"model": "blog.blog", "pk": 19, "fields": {"title": "for 12", "blog_type": 1, "content": "xxxxxx 12", "author": 1, "created_time": "2020-09-30T07:33:27.283Z", "last_updated_time": "2020-09-30T07:33:27.283Z"}}, {"model": "blog.blog", "pk": 20, "fields": {"title": "for 13", "blog_type": 1, "content": "xxxxxx 13", "author": 1, "created_time": "2020-09-30T07:33:27.288Z", "last_updated_time": "2020-09-30T07:33:27.288Z"}}, {"model": "blog.blog", "pk": 21, "fields": {"title": "for 14", "blog_type": 1, "content": "xxxxxx 14", "author": 1, "created_time": "2020-09-30T07:33:27.292Z", "last_updated_time": "2020-09-30T07:33:27.292Z"}}, {"model": "blog.blog", "pk": 22, "fields": {"title": "for 15", "blog_type": 1, "content": "xxxxxx 15", "author": 1, "created_time": "2020-09-30T07:33:27.295Z", "last_updated_time": "2020-09-30T07:33:27.295Z"}}, {"model": "blog.blog", "pk": 23, "fields": {"title": "for 16", "blog_type": 1, "content": "xxxxxx 16", "author": 1, "created_time": "2020-09-30T07:33:27.299Z", "last_updated_time": "2020-09-30T07:33:27.299Z"}}, {"model": "blog.blog", "pk": 24, "fields": {"title": "for 17", "blog_type": 1, "content": "xxxxxx 17", "author": 1, "created_time": "2020-09-30T07:33:27.303Z", "last_updated_time": "2020-09-30T07:33:27.303Z"}}, {"model": "blog.blog", "pk": 25, "fields": {"title": "for 18", "blog_type": 1, "content": "xxxxxx 18", "author": 1, "created_time": "2020-09-30T07:33:27.307Z", "last_updated_time": "2020-09-30T07:33:27.307Z"}}, {"model": "blog.blog", "pk": 26, "fields": {"title": "for 19", "blog_type": 1, "content": "xxxxxx 19", "author": 1, "created_time": "2020-09-30T07:33:27.310Z", "last_updated_time": "2020-09-30T07:33:27.310Z"}}, {"model": "blog.blog", "pk": 27, "fields": {"title": "for 20", "blog_type": 1, "content": "xxxxxx 20", "author": 1, "created_time": "2020-09-30T07:33:27.314Z", "last_updated_time": "2020-09-30T07:33:27.314Z"}}, {"model": "blog.blog", "pk": 28, "fields": {"title": "for 21", "blog_type": 1, "content": "xxxxxx 21", "author": 1, "created_time": "2020-09-30T07:33:27.318Z", "last_updated_time": "2020-09-30T07:33:27.319Z"}}, {"model": "blog.blog", "pk": 29, "fields": {"title": "for 22", "blog_type": 1, "content": "xxxxxx 22", "author": 1, "created_time": "2020-09-30T07:33:27.322Z", "last_updated_time": "2020-09-30T07:33:27.322Z"}}, {"model": "blog.blog", "pk": 30, "fields": {"title": "for 23", "blog_type": 1, "content": "xxxxxx 23", "author": 1, "created_time": "2020-09-30T07:33:27.326Z", "last_updated_time": "2020-09-30T07:33:27.326Z"}}, {"model": "blog.blog", "pk": 31, "fields": {"title": "for 24", "blog_type": 1, "content": "xxxxxx 24", "author": 1, "created_time": "2020-09-30T07:33:27.330Z", "last_updated_time": "2020-09-30T07:33:27.330Z"}}, {"model": "blog.blog", "pk": 32, "fields": {"title": "for 25", "blog_type": 1, "content": "xxxxxx 25", "author": 1, "created_time": "2020-09-30T07:33:27.334Z", "last_updated_time": "2020-09-30T07:33:27.334Z"}}, {"model": "blog.blog", "pk": 33, "fields": {"title": "for 26", "blog_type": 1, "content": "xxxxxx 26", "author": 1, "created_time": "2020-09-30T07:33:27.338Z", "last_updated_time": "2020-09-30T07:33:27.338Z"}}, {"model": "blog.blog", "pk": 34, "fields": {"title": "for 27", "blog_type": 1, "content": "xxxxxx 27", "author": 1, "created_time": "2020-09-30T07:33:27.342Z", "last_updated_time": "2020-09-30T07:33:27.342Z"}}, {"model": "blog.blog", "pk": 35, "fields": {"title": "for 28", "blog_type": 1, "content": "xxxxxx 28", "author": 1, "created_time": "2020-09-30T07:33:27.347Z", "last_updated_time": "2020-09-30T07:33:27.347Z"}}, {"model": "blog.blog", "pk": 36, "fields": {"title": "for 29", "blog_type": 1, "content": "xxxxxx 29", "author": 1, "created_time": "2020-09-30T07:33:27.352Z", "last_updated_time": "2020-10-04T08:58:53.090Z"}}, {"model": "blog.blog", "pk": 37, "fields": {"title": "for 30", "blog_type": 1, "content": "<p>xxxxxx 30</p>", "author": 1, "created_time": "2020-09-30T07:33:27.356Z", "last_updated_time": "2020-10-10T13:20:19.081Z"}}, {"model": "comment.comment", "pk": 1, "fields": {"content_type": 7, "object_id": 34, "text": "123", "comment_time": "2020-10-06T09:05:38.435Z", "user": 1, "root": null, "parent": null, "reply_to": null}}, {"model": "comment.comment", "pk": 2, "fields": {"content_type": 7, "object_id": 37, "text": "123", "comment_time": "2020-10-07T06:27:49.488Z", "user": 1, "root": null, "parent": null, "reply_to": null}}, {"model": "comment.comment", "pk": 3, "fields": {"content_type": 7, "object_id": 37, "text": "234", "comment_time": "2020-10-07T06:28:28.287Z", "user": 1, "root": null, "parent": null, "reply_to": null}}, {"model": "comment.comment", "pk": 4, "fields": {"content_type": 7, "object_id": 37, "text": "12313", "comment_time": "2020-10-07T06:29:58.547Z", "user": 1, "root": null, "parent": null, "reply_to": null}}, {"model": "comment.comment", "pk": 5, "fields": {"content_type": 7, "object_id": 37, "text": "123", "comment_time": "2020-10-07T06:41:09.442Z", "user": 1, "root": null, "parent": null, "reply_to": null}}, {"model": "comment.comment", "pk": 6, "fields": {"content_type": 7, "object_id": 37, "text": "435", "comment_time": "2020-10-08T08:16:53.331Z", "user": 1, "root": null, "parent": null, "reply_to": null}}, {"model": "comment.comment", "pk": 7, "fields": {"content_type": 7, "object_id": 37, "text": "<p>567</p>", "comment_time": "2020-10-08T08:33:10.956Z", "user": 1, "root": null, "parent": null, "reply_to": null}}, {"model": "comment.comment", "pk": 8, "fields": {"content_type": 7, "object_id": 37, "text": "<p>678</p>", "comment_time": "2020-10-08T08:50:51.674Z", "user": 1, "root": null, "parent": null, "reply_to": null}}, {"model": "comment.comment", "pk": 9, "fields": {"content_type": 7, "object_id": 37, "text": "<p>678</p>", "comment_time": "2020-10-08T08:50:57.139Z", "user": 1, "root": null, "parent": null, "reply_to": null}}, {"model": "comment.comment", "pk": 10, "fields": {"content_type": 7, "object_id": 37, "text": "<p>678</p>", "comment_time": "2020-10-08T08:50:57.478Z", "user": 1, "root": null, "parent": null, "reply_to": null}}, {"model": "comment.comment", "pk": 11, "fields": {"content_type": 7, "object_id": 37, "text": "<p>678</p>", "comment_time": "2020-10-08T08:50:57.960Z", "user": 1, "root": null, "parent": null, "reply_to": null}}, {"model": "comment.comment", "pk": 12, "fields": {"content_type": 7, "object_id": 37, "text": "<p>567</p>", "comment_time": "2020-10-08T08:52:50.776Z", "user": 1, "root": null, "parent": null, "reply_to": null}}, {"model": "comment.comment", "pk": 13, "fields": {"content_type": 7, "object_id": 37, "text": "<p>789</p>", "comment_time": "2020-10-08T08:55:40.677Z", "user": 1, "root": null, "parent": null, "reply_to": null}}, {"model": "comment.comment", "pk": 14, "fields": {"content_type": 7, "object_id": 37, "text": "<p>899</p>", "comment_time": "2020-10-08T09:01:55.404Z", "user": 1, "root": null, "parent": null, "reply_to": null}}, {"model": "comment.comment", "pk": 15, "fields": {"content_type": 7, "object_id": 37, "text": "<p>123123</p>", "comment_time": "2020-10-08T09:02:44.169Z", "user": 1, "root": null, "parent": null, "reply_to": null}}, {"model": "comment.comment", "pk": 16, "fields": {"content_type": 7, "object_id": 37, "text": "<p><img alt=\"indecision\" height=\"23\" src=\"http://localhost:8000/static/ckeditor/ckeditor/plugins/smiley/images/whatchutalkingabout_smile.png\" title=\"indecision\" width=\"23\" /></p>", "comment_time": "2020-10-08T09:16:06.823Z", "user": 1, "root": null, "parent": null, "reply_to": null}}, {"model": "comment.comment", "pk": 17, "fields": {"content_type": 7, "object_id": 37, "text": "qqqqq", "comment_time": "2020-10-08T10:49:42.179Z", "user": 1, "root": 16, "parent": 16, "reply_to": 1}}, {"model": "comment.comment", "pk": 18, "fields": {"content_type": 7, "object_id": 37, "text": "<p>123123</p>", "comment_time": "2020-10-08T11:43:51.066Z", "user": 1, "root": null, "parent": null, "reply_to": null}}, {"model": "comment.comment", "pk": 19, "fields": {"content_type": 7, "object_id": 37, "text": "<p>qwe</p>", "comment_time": "2020-10-08T11:45:06.348Z", "user": 1, "root": 16, "parent": 16, "reply_to": 1}}, {"model": "comment.comment", "pk": 20, "fields": {"content_type": 7, "object_id": 37, "text": "<p>www</p>", "comment_time": "2020-10-08T11:45:47.149Z", "user": 1, "root": 16, "parent": 16, "reply_to": 1}}, {"model": "comment.comment", "pk": 21, "fields": {"content_type": 7, "object_id": 37, "text": "<p>eeee</p>", "comment_time": "2020-10-08T11:46:13.749Z", "user": 1, "root": null, "parent": null, "reply_to": null}}, {"model": "comment.comment", "pk": 22, "fields": {"content_type": 7, "object_id": 37, "text": "<p>12345</p>\r\n\r\n<p>&nbsp;</p>", "comment_time": "2020-10-08T11:53:06.137Z", "user": 1, "root": 16, "parent": 17, "reply_to": 1}}, {"model": "comment.comment", "pk": 23, "fields": {"content_type": 7, "object_id": 36, "text": "<p><img alt=\"yes\" height=\"23\" src=\"http://localhost:8000/static/ckeditor/ckeditor/plugins/smiley/images/thumbs_up.png\" title=\"yes\" width=\"23\" /></p>", "comment_time": "2020-10-09T02:13:29.148Z", "user": 1, "root": null, "parent": null, "reply_to": null}}, {"model": "comment.comment", "pk": 24, "fields": {"content_type": 7, "object_id": 36, "text": "<p>\u7b2c\u4e8c\u6761</p>", "comment_time": "2020-10-09T02:21:07.721Z", "user": 1, "root": null, "parent": null, "reply_to": null}}, {"model": "comment.comment", "pk": 25, "fields": {"content_type": 7, "object_id": 37, "text": "<p>haha</p>", "comment_time": "2020-10-09T02:48:55.576Z", "user": 1, "root": 21, "parent": 21, "reply_to": 1}}, {"model": "comment.comment", "pk": 26, "fields": {"content_type": 7, "object_id": 37, "text": "<p>111</p>", "comment_time": "2020-10-09T02:58:52.117Z", "user": 1, "root": 21, "parent": 21, "reply_to": 1}}, {"model": "comment.comment", "pk": 27, "fields": {"content_type": 7, "object_id": 36, "text": "<p>123</p>", "comment_time": "2020-10-10T13:06:46.468Z", "user": 1, "root": 24, "parent": 24, "reply_to": 1}}, {"model": "comment.comment", "pk": 28, "fields": {"content_type": 7, "object_id": 37, "text": "<p><img alt=\"yes\" height=\"23\" src=\"http://localhost:8000/static/ckeditor/ckeditor/plugins/smiley/images/thumbs_up.png\" title=\"yes\" width=\"23\" /></p>", "comment_time": "2020-10-10T13:20:33.044Z", "user": 1, "root": null, "parent": null, "reply_to": null}}, {"model": "comment.comment", "pk": 29, "fields": {"content_type": 7, "object_id": 37, "text": "<p><img alt=\"laugh\" height=\"23\" src=\"http://localhost:8000/static/ckeditor/ckeditor/plugins/smiley/images/teeth_smile.png\" title=\"laugh\" width=\"23\" /></p>", "comment_time": "2020-10-10T13:20:45.683Z", "user": 1, "root": 28, "parent": 28, "reply_to": 1}}, {"model": "comment.comment", "pk": 30, "fields": {"content_type": 7, "object_id": 37, "text": "<p><img alt=\"sad\" height=\"23\" src=\"http://localhost:8000/static/ckeditor/ckeditor/plugins/smiley/images/sad_smile.png\" title=\"sad\" width=\"23\" /></p>", "comment_time": "2020-10-11T03:02:38.679Z", "user": 1, "root": null, "parent": null, "reply_to": null}}, {"model": "comment.comment", "pk": 31, "fields": {"content_type": 7, "object_id": 37, "text": "<p>123</p>", "comment_time": "2020-10-11T03:02:50.806Z", "user": 1, "root": 30, "parent": 30, "reply_to": 1}}, {"model": "comment.comment", "pk": 32, "fields": {"content_type": 7, "object_id": 37, "text": "<p>\u548c</p>", "comment_time": "2020-10-14T06:27:24.339Z", "user": 1, "root": 30, "parent": 30, "reply_to": 1}}, {"model": "comment.comment", "pk": 33, "fields": {"content_type": 7, "object_id": 37, "text": "<p>\u6d4b\u8bd5\u8bc4\u8bba\u53d1\u9001\u90ae\u4ef6</p>", "comment_time": "2020-10-16T02:38:54.926Z", "user": 1, "root": null, "parent": null, "reply_to": null}}, {"model": "comment.comment", "pk": 34, "fields": {"content_type": 7, "object_id": 37, "text": "<p>\u6d4b\u8bd5\u8bc4\u8bba\u53d1\u9001\u90ae\u4ef6</p>", "comment_time": "2020-10-16T02:43:47.068Z", "user": 1, "root": null, "parent": null, "reply_to": null}}, {"model": "comment.comment", "pk": 35, "fields": {"content_type": 7, "object_id": 37, "text": "<p>\u8bf7\u95ee</p>", "comment_time": "2020-10-16T02:44:34.737Z", "user": 1, "root": null, "parent": null, "reply_to": null}}, {"model": "comment.comment", "pk": 36, "fields": {"content_type": 7, "object_id": 37, "text": "<p>\u8bf7\u95ee</p>", "comment_time": "2020-10-16T02:46:29.484Z", "user": 1, "root": null, "parent": null, "reply_to": null}}, {"model": "comment.comment", "pk": 37, "fields": {"content_type": 7, "object_id": 35, "text": "<p>123</p>", "comment_time": "2020-10-16T02:48:10.447Z", "user": 1, "root": null, "parent": null, "reply_to": null}}, {"model": "comment.comment", "pk": 38, "fields": {"content_type": 7, "object_id": 35, "text": "<p>123</p>", "comment_time": "2020-10-16T02:48:23.306Z", "user": 1, "root": null, "parent": null, "reply_to": null}}, {"model": "comment.comment", "pk": 39, "fields": {"content_type": 7, "object_id": 35, "text": "<p>123</p>", "comment_time": "2020-10-16T02:49:02.965Z", "user": 1, "root": null, "parent": null, "reply_to": null}}, {"model": "comment.comment", "pk": 40, "fields": {"content_type": 7, "object_id": 37, "text": "<p>\u591a\u7ebf\u7a0b\u53d1\u9001\u90ae\u4ef6\u63a7\u5236</p>", "comment_time": "2020-10-16T02:59:54.534Z", "user": 1, "root": null, "parent": null, "reply_to": null}}, {"model": "comment.comment", "pk": 41, "fields": {"content_type": 7, "object_id": 37, "text": "<p>html\u90ae\u4ef6\u6d4b\u8bd5</p>\r\n\r\n<p>&nbsp;</p>", "comment_time": "2020-10-16T03:04:13.634Z", "user": 1, "root": null, "parent": null, "reply_to": null}}, {"model": "comment.comment", "pk": 42, "fields": {"content_type": 7, "object_id": 37, "text": "<p>html2 \u90ae\u4ef6\u6d4b\u8bd5</p>", "comment_time": "2020-10-16T03:05:34.162Z", "user": 1, "root": null, "parent": null, "reply_to": null}}, {"model": "comment.comment", "pk": 43, "fields": {"content_type": 7, "object_id": 37, "text": "<p>html\u6a21\u677f\u53d1\u9001\u90ae\u4ef6\u6d4b\u8bd5</p>\r\n\r\n<p>&nbsp;</p>", "comment_time": "2020-10-16T03:13:15.149Z", "user": 1, "root": null, "parent": null, "reply_to": null}}, {"model": "comment.comment", "pk": 44, "fields": {"content_type": 7, "object_id": 37, "text": "<p>html\u6a21\u677f\u53d1\u9001\u90ae\u4ef6\u6d4b\u8bd5</p>\r\n\r\n<p>&nbsp;</p>", "comment_time": "2020-10-16T03:13:37.632Z", "user": 1, "root": null, "parent": null, "reply_to": null}}, {"model": "comment.comment", "pk": 45, "fields": {"content_type": 7, "object_id": 37, "text": "<p>\u7b2c\u4e8c\u6b21\u6d4b\u8bd5</p>", "comment_time": "2020-10-16T03:17:29.700Z", "user": 1, "root": null, "parent": null, "reply_to": null}}, {"model": "likes.likerecord", "pk": 9, "fields": {"content_type": 12, "object_id": 21, "user": 1, "liked_time": "2020-10-10T13:06:22.593Z"}}, {"model": "likes.likerecord", "pk": 19, "fields": {"content_type": 7, "object_id": 37, "user": 1, "liked_time": "2020-10-10T15:22:03.743Z"}}, {"model": "likes.likerecord", "pk": 23, "fields": {"content_type": 12, "object_id": 30, "user": 1, "liked_time": "2020-10-13T13:30:23.966Z"}}, {"model": "likes.likerecord", "pk": 25, "fields": {"content_type": 12, "object_id": 40, "user": 1, "liked_time": "2020-10-16T03:00:04.551Z"}}, {"model": "user.profile", "pk": 1, "fields": {"user": 1, "nickname": "\u5434\u6b23\u5b87"}}, {"model": "admin.logentry", "pk": 1, "fields": {"action_time": "2020-09-23T11:47:55.167Z", "user": 1, "content_type": 8, "object_id": "1", "object_repr": "BlogType object (1)", "action_flag": 1, "change_message": "[{\"added\": {}}]"}}, {"model": "admin.logentry", "pk": 2, "fields": {"action_time": "2020-09-23T11:48:02.603Z", "user": 1, "content_type": 8, "object_id": "2", "object_repr": "BlogType object (2)", "action_flag": 1, "change_message": "[{\"added\": {}}]"}}, {"model": "admin.logentry", "pk": 3, "fields": {"action_time": "2020-09-23T11:48:08.700Z", "user": 1, "content_type": 8, "object_id": "3", "object_repr": "BlogType object (3)", "action_flag": 1, "change_message": "[{\"added\": {}}]"}}, {"model": "admin.logentry", "pk": 4, "fields": {"action_time": "2020-09-23T11:50:20.280Z", "user": 1, "content_type": 7, "object_id": "1", "object_repr": "<blog:\u7b2c\u4e00\u7bc7\u535a\u5ba2>", "action_flag": 1, "change_message": "[{\"added\": {}}]"}}, {"model": "admin.logentry", "pk": 5, "fields": {"action_time": "2020-09-23T12:40:43.443Z", "user": 1, "content_type": 7, "object_id": "2", "object_repr": "<blog:\u7b2c\u4e8c\u7bc7\u535a\u5ba2>", "action_flag": 1, "change_message": "[{\"added\": {}}]"}}, {"model": "admin.logentry", "pk": 6, "fields": {"action_time": "2020-09-23T12:44:36.129Z", "user": 1, "content_type": 7, "object_id": "2", "object_repr": "<blog:\u7b2c\u4e8c\u7bc7\u535a\u5ba2>", "action_flag": 3, "change_message": ""}}, {"model": "admin.logentry", "pk": 7, "fields": {"action_time": "2020-09-23T12:44:36.135Z", "user": 1, "content_type": 7, "object_id": "1", "object_repr": "<blog:\u7b2c\u4e00\u7bc7\u535a\u5ba2>", "action_flag": 3, "change_message": ""}}, {"model": "admin.logentry", "pk": 8, "fields": {"action_time": "2020-09-23T12:47:16.289Z", "user": 1, "content_type": 7, "object_id": "3", "object_repr": "<blog:\u957f\u5185\u5bb9\u7684\u535a\u5ba2>", "action_flag": 1, "change_message": "[{\"added\": {}}]"}}, {"model": "admin.logentry", "pk": 9, "fields": {"action_time": "2020-09-23T13:51:43.845Z", "user": 1, "content_type": 7, "object_id": "4", "object_repr": "<blog:\u968f\u7b142>", "action_flag": 1, "change_message": "[{\"added\": {}}]"}}, {"model": "admin.logentry", "pk": 10, "fields": {"action_time": "2020-09-23T13:51:58.032Z", "user": 1, "content_type": 7, "object_id": "5", "object_repr": "<blog:Django1>", "action_flag": 1, "change_message": "[{\"added\": {}}]"}}, {"model": "admin.logentry", "pk": 11, "fields": {"action_time": "2020-09-26T02:22:14.503Z", "user": 1, "content_type": 7, "object_id": "3", "object_repr": "<blog:\u957f\u5185\u5bb9\u7684\u535a\u5ba2>", "action_flag": 2, "change_message": "[{\"changed\": {\"fields\": [\"content\"]}}]"}}, {"model": "admin.logentry", "pk": 12, "fields": {"action_time": "2020-10-04T08:10:15.054Z", "user": 1, "content_type": 7, "object_id": "3", "object_repr": "<blog:\u957f\u5185\u5bb9\u7684\u535a\u5ba2>", "action_flag": 2, "change_message": "[{\"changed\": {\"fields\": [\"content\"]}}]"}}, {"model": "admin.logentry", "pk": 13, "fields": {"action_time": "2020-10-04T08:11:49.897Z", "user": 1, "content_type": 7, "object_id": "3", "object_repr": "<blog:\u957f\u5185\u5bb9\u7684\u535a\u5ba2>", "action_flag": 2, "change_message": "[{\"changed\": {\"fields\": [\"content\"]}}]"}}, {"model": "admin.logentry", "pk": 14, "fields": {"action_time": "2020-10-04T08:26:27.488Z", "user": 1, "content_type": 7, "object_id": "3", "object_repr": "<blog:\u957f\u5185\u5bb9\u7684\u535a\u5ba2>", "action_flag": 2, "change_message": "[{\"changed\": {\"fields\": [\"content\"]}}]"}}, {"model": "admin.logentry", "pk": 15, "fields": {"action_time": "2020-10-04T08:39:26.736Z", "user": 1, "content_type": 7, "object_id": "3", "object_repr": "<blog:\u957f\u5185\u5bb9\u7684\u535a\u5ba2>", "action_flag": 2, "change_message": "[{\"changed\": {\"fields\": [\"content\"]}}]"}}, {"model": "admin.logentry", "pk": 16, "fields": {"action_time": "2020-10-04T08:40:08.410Z", "user": 1, "content_type": 7, "object_id": "3", "object_repr": "<blog:\u957f\u5185\u5bb9\u7684\u535a\u5ba2>", "action_flag": 2, "change_message": "[{\"changed\": {\"fields\": [\"content\"]}}]"}}, {"model": "admin.logentry", "pk": 17, "fields": {"action_time": "2020-10-05T02:40:10.021Z", "user": 1, "content_type": 9, "object_id": "1", "object_repr": "Readnum object (1)", "action_flag": 1, "change_message": "[{\"added\": {}}]"}}, {"model": "admin.logentry", "pk": 18, "fields": {"action_time": "2020-10-05T05:57:16.333Z", "user": 1, "content_type": 10, "object_id": "1", "object_repr": "Readnum object (1)", "action_flag": 1, "change_message": "[{\"added\": {}}]"}}, {"model": "admin.logentry", "pk": 19, "fields": {"action_time": "2020-10-05T07:52:34.068Z", "user": 1, "content_type": 11, "object_id": "1", "object_repr": "ReadDetail object (1)", "action_flag": 1, "change_message": "[{\"added\": {}}]"}}, {"model": "admin.logentry", "pk": 20, "fields": {"action_time": "2020-10-08T10:49:42.180Z", "user": 1, "content_type": 12, "object_id": "17", "object_repr": "Comment object (17)", "action_flag": 1, "change_message": "[{\"added\": {}}]"}}, {"model": "admin.logentry", "pk": 21, "fields": {"action_time": "2020-10-08T10:52:23.947Z", "user": 1, "content_type": 12, "object_id": "17", "object_repr": "123123123123", "action_flag": 2, "change_message": "[{\"changed\": {\"fields\": [\"parent\"]}}]"}}, {"model": "admin.logentry", "pk": 22, "fields": {"action_time": "2020-10-08T11:06:42.896Z", "user": 1, "content_type": 12, "object_id": "17", "object_repr": "123123123123", "action_flag": 2, "change_message": "[{\"changed\": {\"fields\": [\"root\", \"reply_to\"]}}]"}}, {"model": "admin.logentry", "pk": 23, "fields": {"action_time": "2020-10-08T11:08:01.550Z", "user": 1, "content_type": 12, "object_id": "17", "object_repr": "qqqqq", "action_flag": 2, "change_message": "[{\"changed\": {\"fields\": [\"text\", \"root\", \"parent\"]}}]"}}, {"model": "admin.logentry", "pk": 24, "fields": {"action_time": "2020-10-10T13:20:19.082Z", "user": 1, "content_type": 7, "object_id": "37", "object_repr": "<blog:for 30>", "action_flag": 2, "change_message": "[{\"changed\": {\"fields\": [\"content\"]}}]"}}, {"model": "admin.logentry", "pk": 25, "fields": {"action_time": "2020-10-14T02:12:27.670Z", "user": 1, "content_type": 15, "object_id": "1", "object_repr": "<Profile: \u5434\u6b23\u5b87 for wxy>", "action_flag": 1, "change_message": "[{\"added\": {}}]"}}]